{"data_time": 0.08846435399999941, "fast_rcnn/cls_accuracy": 0.052734375, "fast_rcnn/false_negative": 0.0, "fast_rcnn/fg_cls_accuracy": 0.125, "iteration": 1, "loss_box_reg": 0.002715296228416264, "loss_cls": 1.9830622673034668, "loss_rpn_cls": 1.240169644355774, "loss_rpn_loc": 0.043825663626194, "lr": 2.7475e-05, "rank_data_time": 0.08846435399999941, "roi_head/num_bg_samples": 124.0, "roi_head/num_fg_samples": 4.0, "rpn/num_neg_anchors": 233.5, "rpn/num_pos_anchors": 22.5, "total_loss": 3.269772871513851}
{"data_time": 0.07084804100000497, "eta_seconds": 4688.34276836, "fast_rcnn/cls_accuracy": 0.75, "fast_rcnn/false_negative": 1.0, "fast_rcnn/fg_cls_accuracy": 0.0, "iteration": 19, "loss_box_reg": 0.4897475689649582, "loss_cls": 1.2215323448181152, "loss_rpn_cls": 0.09813154488801956, "loss_rpn_loc": 0.03097996488213539, "lr": 0.000477025, "rank_data_time": 0.07084804100000497, "roi_head/num_bg_samples": 107.5, "roi_head/num_fg_samples": 20.5, "rpn/num_neg_anchors": 238.5, "rpn/num_pos_anchors": 17.5, "time": 58.60428460450001, "total_loss": 1.8983564437367022}
{"data_time": 0.0704371459999038, "eta_seconds": 3494.298901259997, "fast_rcnn/cls_accuracy": 0.755859375, "fast_rcnn/false_negative": 0.96875, "fast_rcnn/fg_cls_accuracy": 0.0234375, "iteration": 39, "loss_box_reg": 0.8604051768779755, "loss_cls": 0.541797935962677, "loss_rpn_cls": 0.025562322698533535, "loss_rpn_loc": 0.029674590565264225, "lr": 0.000976525, "rank_data_time": 0.0704371459999038, "roi_head/num_bg_samples": 96.0, "roi_head/num_fg_samples": 32.0, "rpn/num_neg_anchors": 238.0, "rpn/num_pos_anchors": 18.0, "time": 58.13450416650005, "total_loss": 1.4700110722333193}
{"data_time": 0.07050383349996991, "eta_seconds": 2334.1795799999954, "fast_rcnn/cls_accuracy": 0.85546875, "fast_rcnn/false_negative": 0.1484375, "fast_rcnn/fg_cls_accuracy": 0.4765625, "iteration": 59, "loss_box_reg": 0.7022778391838074, "loss_cls": 0.34735120832920074, "loss_rpn_cls": 0.007662913296371698, "loss_rpn_loc": 0.022134612314403057, "lr": 0.001476025, "rank_data_time": 0.07050383349996991, "roi_head/num_bg_samples": 96.0, "roi_head/num_fg_samples": 32.0, "rpn/num_neg_anchors": 240.5, "rpn/num_pos_anchors": 15.5, "time": 58.46363300000007, "total_loss": 1.0553035969496705}
{"data_time": 0.07107304150031268, "eta_seconds": 1171.2765458400027, "fast_rcnn/cls_accuracy": 0.888671875, "fast_rcnn/false_negative": 0.0703125, "fast_rcnn/fg_cls_accuracy": 0.6015625, "iteration": 79, "loss_box_reg": 0.5283544957637787, "loss_cls": 0.2744501680135727, "loss_rpn_cls": 0.0010444103390909731, "loss_rpn_loc": 0.018786603584885597, "lr": 0.001975525, "rank_data_time": 0.07107304150031268, "roi_head/num_bg_samples": 96.0, "roi_head/num_fg_samples": 32.0, "rpn/num_neg_anchors": 239.5, "rpn/num_pos_anchors": 16.5, "time": 58.66569770800015, "total_loss": 0.810685402553645}
{"data_time": 0.07003274950011473, "eta_seconds": 0.0, "fast_rcnn/cls_accuracy": 0.943359375, "fast_rcnn/false_negative": 0.0546875, "fast_rcnn/fg_cls_accuracy": 0.859375, "iteration": 99, "loss_box_reg": 0.4685606360435486, "loss_cls": 0.2044638842344284, "loss_rpn_cls": 0.0005924843426328152, "loss_rpn_loc": 0.024266039952635765, "lr": 0.002475025, "rank_data_time": 0.07003274950011473, "roi_head/num_bg_samples": 96.0, "roi_head/num_fg_samples": 32.0, "rpn/num_neg_anchors": 237.5, "rpn/num_pos_anchors": 18.5, "time": 57.78595456249968, "total_loss": 0.7161457987022004}
{"data_time": 0.07041616699999054, "eta_seconds": 4697.190171639999, "fast_rcnn/cls_accuracy": 0.75, "fast_rcnn/false_negative": 1.0, "fast_rcnn/fg_cls_accuracy": 0.0, "iteration": 19, "loss_box_reg": 0.4011581242084503, "loss_cls": 1.217905879020691, "loss_rpn_cls": 0.048589352518320084, "loss_rpn_loc": 0.026986248791217804, "lr": 0.000477025, "rank_data_time": 0.07041616699999054, "roi_head/num_bg_samples": 108.25, "roi_head/num_fg_samples": 19.75, "rpn/num_neg_anchors": 240.25, "rpn/num_pos_anchors": 15.75, "time": 58.71487714549998, "total_loss": 1.824622269719839}
{"data_time": 0.07053164599994943, "eta_seconds": 3507.676817519998, "fast_rcnn/cls_accuracy": 0.759765625, "fast_rcnn/false_negative": 0.875, "fast_rcnn/fg_cls_accuracy": 0.0390625, "iteration": 39, "loss_box_reg": 0.861775666475296, "loss_cls": 0.5474428236484528, "loss_rpn_cls": 0.015667949803173542, "loss_rpn_loc": 0.02893330529332161, "lr": 0.000976525, "rank_data_time": 0.07053164599994943, "roi_head/num_bg_samples": 96.0, "roi_head/num_fg_samples": 32.0, "rpn/num_neg_anchors": 237.75, "rpn/num_pos_anchors": 18.25, "time": 57.012407250000024, "total_loss": 1.4760347548872232}
{"data_time": 0.06934372950013312, "eta_seconds": 2329.1054633199974, "fast_rcnn/cls_accuracy": 0.845703125, "fast_rcnn/false_negative": 0.140625, "fast_rcnn/fg_cls_accuracy": 0.4296875, "iteration": 59, "loss_box_reg": 0.7017708420753479, "loss_cls": 0.3415927439928055, "loss_rpn_cls": 0.003624868346378207, "loss_rpn_loc": 0.02351137436926365, "lr": 0.001476025, "rank_data_time": 0.06934372950013312, "roi_head/num_bg_samples": 96.0, "roi_head/num_fg_samples": 32.0, "rpn/num_neg_anchors": 239.75, "rpn/num_pos_anchors": 16.25, "time": 54.43423195850005, "total_loss": 1.0958751267753541}
{"data_time": 0.0691906874999404, "eta_seconds": 1158.1295429200031, "fast_rcnn/cls_accuracy": 0.890625, "fast_rcnn/false_negative": 0.078125, "fast_rcnn/fg_cls_accuracy": 0.6328125, "iteration": 79, "loss_box_reg": 0.535886287689209, "loss_cls": 0.2728159725666046, "loss_rpn_cls": 0.002327781869098544, "loss_rpn_loc": 0.02180713228881359, "lr": 0.001975525, "rank_data_time": 0.0691906874999404, "roi_head/num_bg_samples": 96.0, "roi_head/num_fg_samples": 32.0, "rpn/num_neg_anchors": 240.0, "rpn/num_pos_anchors": 16.0, "time": 56.29432214600001, "total_loss": 0.8082658600760624}
{"data_time": 0.07020202049943691, "eta_seconds": 0.0, "fast_rcnn/cls_accuracy": 0.953125, "fast_rcnn/false_negative": 0.03125, "fast_rcnn/fg_cls_accuracy": 0.859375, "iteration": 99, "loss_box_reg": 0.46215853095054626, "loss_cls": 0.16841567307710648, "loss_rpn_cls": 0.0003051602834602818, "loss_rpn_loc": 0.019476168788969517, "lr": 0.002475025, "rank_data_time": 0.07020202049943691, "roi_head/num_bg_samples": 96.0, "roi_head/num_fg_samples": 32.0, "rpn/num_neg_anchors": 238.5, "rpn/num_pos_anchors": 17.5, "time": 56.22916402100009, "total_loss": 0.655688117200043}
{"data_time": 0.0693880830000353, "eta_seconds": 4653.556035000001, "fast_rcnn/cls_accuracy": 0.75, "fast_rcnn/false_negative": 1.0, "fast_rcnn/fg_cls_accuracy": 0.0, "iteration": 19, "loss_box_reg": 0.48995523154735565, "loss_cls": 1.2791154384613037, "loss_rpn_cls": 0.06922749802470207, "loss_rpn_loc": 0.0307715879753232, "lr": 0.000477025, "rank_data_time": 0.0693880830000353, "roi_head/num_bg_samples": 108.75, "roi_head/num_fg_samples": 19.25, "rpn/num_neg_anchors": 238.75, "rpn/num_pos_anchors": 17.25, "time": 58.16945043750002, "total_loss": 1.9779172968119383}
{"data_time": 0.07047566649998771, "eta_seconds": 3487.246527510001, "fast_rcnn/cls_accuracy": 0.7578125, "fast_rcnn/false_negative": 0.90625, "fast_rcnn/fg_cls_accuracy": 0.03125, "iteration": 39, "loss_box_reg": 0.8592699766159058, "loss_cls": 0.5597334206104279, "loss_rpn_cls": 0.022230162285268307, "loss_rpn_loc": 0.02697791438549757, "lr": 0.000976525, "rank_data_time": 0.07047566649998771, "roi_head/num_bg_samples": 96.0, "roi_head/num_fg_samples": 32.0, "rpn/num_neg_anchors": 239.0, "rpn/num_pos_anchors": 17.0, "time": 56.446944375499925, "total_loss": 1.4691231772303581}
{"data_time": 0.0703759790001186, "eta_seconds": 2325.7768533599983, "fast_rcnn/cls_accuracy": 0.84375, "fast_rcnn/false_negative": 0.109375, "fast_rcnn/fg_cls_accuracy": 0.421875, "iteration": 59, "loss_box_reg": 0.7033624053001404, "loss_cls": 0.34874705970287323, "loss_rpn_cls": 0.006060349754989147, "loss_rpn_loc": 0.028067168779671192, "lr": 0.001476025, "rank_data_time": 0.0703759790001186, "roi_head/num_bg_samples": 96.0, "roi_head/num_fg_samples": 32.0,